{"cameraMode":{"drawMode":0,"name":"Shaded","section":"Shading Mode"},"sceneLighting":true,"audioPlay":false,"sceneViewState":{"showFog":true,"showMaterialUpdate":false,"showSkybox":true,"showFlares":true,"showImageEffects":true,"showParticleSystems":true},"in2DMode":false,"pivot":{"x":14.618770599365235,"y":2.681853771209717,"z":-6.252967834472656},"rotation":{"x":0.037056341767311099,"y":0.9558694362640381,"z":-0.1374216228723526,"w":0.2571357190608978},"size":4.327910423278809,"orthographic":false}