{"cameraMode":{"drawMode":0,"name":"Shaded","section":"Shading Mode"},"sceneLighting":true,"audioPlay":false,"sceneViewState":{"showFog":true,"showMaterialUpdate":false,"showSkybox":true,"showFlares":true,"showImageEffects":true,"showParticleSystems":true},"in2DMode":false,"pivot":{"x":23.925798416137697,"y":-14.86070442199707,"z":19.760883331298829},"rotation":{"x":0.29545459151268008,"y":0.28914204239845278,"z":-0.09424319863319397,"w":0.9056947827339172},"size":46.056941986083987,"orthographic":false}